{"payload":{"installed_packages":["absl-py==1.3.0","aiohttp==3.8.1","aiosignal==1.2.0","anyio==3.5.0","argon2-cffi-bindings==21.2.0","argon2-cffi==21.3.0","asttokens==2.0.5","async-timeout==4.0.2","attrs==21.4.0","babel==2.9.1","backcall==0.2.0","beautifulsoup4==4.11.1","bleach==4.1.0","blinker==1.4","bottleneck==1.3.5","brotlipy==0.7.0","bs4==0.0.1","cachetools==4.2.2","certifi==2022.9.24","cffi==1.15.1","charset-normalizer==2.0.4","click==8.0.4","colorama==0.4.5","comet-ml==3.31.16","configobj==5.0.6","cryptography==38.0.1","cycler==0.11.0","debugpy==1.5.1","decorator==5.1.1","defusedxml==0.7.1","dulwich==0.20.50","entrypoints==0.4","everett==3.1.0","executing==0.8.3","fastjsonschema==2.16.2","fonttools==4.25.0","frozenlist==1.2.0","furl==2.1.3","future==0.18.2","google-auth-oauthlib==0.4.4","google-auth==2.6.0","grpcio==1.42.0","idna==3.4","importlib-metadata==4.11.3","importlib-resources==5.2.0","ipykernel==6.15.2","ipython-genutils==0.2.0","ipython==8.4.0","ipywidgets==7.6.5","jedi==0.18.1","jinja2==3.1.2","joblib==1.2.0","json5==0.9.6","jsonschema==4.16.0","jupyter-client==7.3.5","jupyter-console==6.4.3","jupyter-core==4.11.1","jupyter-server==1.18.1","jupyter==1.0.0","jupyterlab-pygments==0.1.2","jupyterlab-server==2.15.2","jupyterlab-widgets==1.0.0","jupyterlab==3.4.4","kiwisolver==1.4.2","loader==2017.9.11","markdown==3.3.4","markupsafe==2.1.1","matplotlib-inline==0.1.6","matplotlib==3.5.3","mistune==0.8.4","mkl-fft==1.3.1","mkl-random==1.2.2","mkl-service==2.4.0","multidict==6.0.2","munkres==1.1.4","nbclassic==0.3.5","nbclient==0.5.13","nbconvert==6.4.4","nbformat==5.5.0","nest-asyncio==1.5.5","notebook==6.4.12","numexpr==2.8.3","numpy==1.23.4","oauthlib==3.2.1","opencv-python==4.6.0.66","orderedmultidict==1.0.1","packaging==21.3","pandas==1.4.4","pandocfilters==1.5.0","parso==0.8.3","pathlib2==2.3.7.post1","pickleshare==0.7.5","pillow==9.2.0","pip==22.2.2","pkgutil-resolve-name==1.3.10","ply==3.11","prometheus-client==0.14.1","prompt-toolkit==3.0.20","protobuf==3.20.1","psutil==5.9.0","pure-eval==0.2.2","pyasn1-modules==0.2.8","pyasn1==0.4.8","pycparser==2.21","pygments==2.11.2","pyjwt==2.4.0","pyopenssl==22.0.0","pyparsing==3.0.9","pyqt5-sip==12.11.0","pyqt5==5.15.7","pyrsistent==0.18.0","pysocks==1.7.1","python-dateutil==2.8.2","pytz==2022.1","pywin32==302","pywinpty==2.0.2","pyyaml==5.4.1","pyzmq==23.2.0","qtconsole==5.3.2","qtpy==2.2.0","requests-oauthlib==1.3.0","requests-toolbelt==0.10.1","requests==2.28.1","rsa==4.7.2","scikit-learn==1.1.3","scipy==1.9.3","seaborn==0.12.0","semantic-version==2.10.0","send2trash==1.8.0","sentry-sdk==1.10.1","setuptools==59.5.0","sip==6.6.2","six==1.16.0","sklearn==0.0.post1","sniffio==1.2.0","soupsieve==2.3.2.post1","stack-data==0.2.0","tensorboard-data-server==0.6.0","tensorboard-plugin-wit==1.8.1","tensorboard==2.9.0","terminado==0.13.1","testpath==0.6.0","thop==0.1.1.post2209072238","threadpoolctl==3.1.0","toml==0.10.2","torch==1.10.2","torchvision==0.11.0a0","tornado==6.2","tqdm==4.64.1","traitlets==5.1.1","typing-extensions==4.3.0","urllib3==1.26.12","wcwidth==0.2.5","webencodings==0.5.1","websocket-client==0.58.0","werkzeug==2.0.3","wheel==0.37.1","widgetsnbextension==3.5.2","win-inet-pton==1.1.0","wincertstore==0.2","wrapt==1.14.1","wurlitzer==3.0.2","yarl==1.8.1","zipp==3.8.0"],"local_timestamp":1667957562339},"type":"ws_msg"}
{"payload":{"env_details":{"command":["./yolov5/train.py","--img","416","--batch","16","--epochs","1","--data","./Pothole.v1-raw.yolov5pytorch/data.yaml","--cfg","./yolov5/models/yolov5s.yaml","--weights","yolov5s.pt","--name","Pothole_yolov5s_results"],"env":null,"hostname":"DESKTOP-7CNDMNU","ip":"172.20.36.113","machine":"AMD64","os":"Windows-10-10.0.19044-SP0","os_release":"10","os_type":"Windows","pid":1604,"processor":"Intel64 Family 6 Model 140 Stepping 2, GenuineIntel","python_exe":"c:\\ProgramData\\Anaconda3\\envs\\EV_PY38_YOLO\\python.exe","python_version":"3.8.13","python_version_verbose":"3.8.13 (default, Oct 19 2022, 22:38:03) [MSC v.1916 64 bit (AMD64)]","user":"USER"},"local_timestamp":1667957563487},"type":"ws_msg"}
{"payload":{"local_timestamp":1667957564084,"param":{"paramName":"img","paramValue":416,"source":"command_line","step":null}},"type":"parameter_msg"}
{"payload":{"local_timestamp":1667957564084,"param":{"paramName":"batch","paramValue":16,"source":"command_line","step":null}},"type":"parameter_msg"}
{"payload":{"local_timestamp":1667957564084,"param":{"paramName":"epochs","paramValue":1,"source":"command_line","step":null}},"type":"parameter_msg"}
{"payload":{"local_timestamp":1667957564084,"param":{"paramName":"data","paramValue":"./Pothole.v1-raw.yolov5pytorch/data.yaml","source":"command_line","step":null}},"type":"parameter_msg"}
{"payload":{"local_timestamp":1667957564084,"param":{"paramName":"cfg","paramValue":"./yolov5/models/yolov5s.yaml","source":"command_line","step":null}},"type":"parameter_msg"}
{"payload":{"local_timestamp":1667957564084,"param":{"paramName":"weights","paramValue":"yolov5s.pt","source":"command_line","step":null}},"type":"parameter_msg"}
{"payload":{"local_timestamp":1667957564084,"param":{"paramName":"name","paramValue":"Pothole_yolov5s_results","source":"command_line","step":null}},"type":"parameter_msg"}
{"payload":{"local_timestamp":1667957564084,"metric":{"epoch":null,"metricName":"sys.cpu.percent.avg","metricValue":17.5625,"step":null}},"type":"metric_msg"}
{"payload":{"local_timestamp":1667957564084,"metric":{"epoch":null,"metricName":"sys.cpu.percent.01","metricValue":35.8,"step":null}},"type":"metric_msg"}
{"payload":{"local_timestamp":1667957564084,"metric":{"epoch":null,"metricName":"sys.cpu.percent.02","metricValue":22.4,"step":null}},"type":"metric_msg"}
{"payload":{"local_timestamp":1667957564084,"metric":{"epoch":null,"metricName":"sys.cpu.percent.03","metricValue":28.6,"step":null}},"type":"metric_msg"}
{"payload":{"local_timestamp":1667957564084,"metric":{"epoch":null,"metricName":"sys.cpu.percent.04","metricValue":19.2,"step":null}},"type":"metric_msg"}
{"payload":{"local_timestamp":1667957564084,"metric":{"epoch":null,"metricName":"sys.cpu.percent.05","metricValue":10.1,"step":null}},"type":"metric_msg"}
{"payload":{"local_timestamp":1667957564084,"metric":{"epoch":null,"metricName":"sys.cpu.percent.06","metricValue":9.2,"step":null}},"type":"metric_msg"}
{"payload":{"local_timestamp":1667957564084,"metric":{"epoch":null,"metricName":"sys.cpu.percent.07","metricValue":8.1,"step":null}},"type":"metric_msg"}
{"payload":{"local_timestamp":1667957564084,"metric":{"epoch":null,"metricName":"sys.cpu.percent.08","metricValue":7.1,"step":null}},"type":"metric_msg"}
{"payload":{"local_timestamp":1667957564084,"metric":{"epoch":null,"metricName":"sys.load.avg","metricValue":0.0,"step":null}},"type":"metric_msg"}
{"payload":{"local_timestamp":1667957564084,"metric":{"epoch":null,"metricName":"sys.ram.total","metricValue":16890646528,"step":null}},"type":"metric_msg"}
{"payload":{"local_timestamp":1667957564084,"metric":{"epoch":null,"metricName":"sys.ram.used","metricValue":9428373504,"step":null}},"type":"metric_msg"}
{"payload":{"local_timestamp":1667957564092,"log_other":{"key":"offline_experiment","val":true}},"type":"ws_msg"}
{"payload":{"local_timestamp":1667957564092,"stderr":true,"stdout":"Traceback (most recent call last):\n"},"type":"ws_msg"}
{"payload":{"local_timestamp":1667957564092,"stderr":true,"stdout":"  File \"./yolov5/train.py\", line 630, in <module>\n"},"type":"ws_msg"}
{"payload":{"local_timestamp":1667957564092,"stderr":true,"stdout":"    "},"type":"ws_msg"}
{"payload":{"local_timestamp":1667957564092,"stderr":true,"stdout":"main(opt)"},"type":"ws_msg"}
{"payload":{"local_timestamp":1667957564092,"stderr":true,"stdout":"\n"},"type":"ws_msg"}
{"payload":{"local_timestamp":1667957564092,"stderr":true,"stdout":"  File \"./yolov5/train.py\", line 524, in main\n"},"type":"ws_msg"}
{"payload":{"local_timestamp":1667957564092,"stderr":true,"stdout":"COMET WARNING: Unknown error exporting current conda environment\n"},"type":"ws_msg"}
{"payload":{"local_timestamp":1667957564092,"stderr":true,"stdout":"    "},"type":"ws_msg"}
{"payload":{"local_timestamp":1667957564092,"stderr":true,"stdout":"train(opt.hyp, opt, device, callbacks)"},"type":"ws_msg"}
{"payload":{"local_timestamp":1667957564092,"stderr":true,"stdout":"\n"},"type":"ws_msg"}
{"payload":{"local_timestamp":1667957564092,"stderr":true,"stdout":"  File \"./yolov5/train.py\", line 93, in train\n"},"type":"ws_msg"}
{"payload":{"local_timestamp":1667957564092,"stderr":true,"stdout":"    "},"type":"ws_msg"}
{"payload":{"local_timestamp":1667957564092,"stderr":true,"stdout":"loggers = Loggers(save_dir, weights, opt, hyp, LOGGER)  # loggers instance"},"type":"ws_msg"}
{"payload":{"local_timestamp":1667957564092,"stderr":true,"stdout":"\n"},"type":"ws_msg"}
{"payload":{"local_timestamp":1667957564092,"stderr":true,"stdout":"  File \"c:\\minsoo-s\\workspace\\KDT_Final_Project\\yolov5\\utils\\loggers\\__init__.py\", line 132, in __init__\n"},"type":"ws_msg"}
{"payload":{"local_timestamp":1667957564092,"stderr":true,"stdout":"    "},"type":"ws_msg"}
{"payload":{"local_timestamp":1667957564092,"stderr":true,"stdout":"self.comet_logger = CometLogger(self.opt, self.hyp)"},"type":"ws_msg"}
{"payload":{"local_timestamp":1667957564092,"stderr":true,"stdout":"\n"},"type":"ws_msg"}
{"payload":{"local_timestamp":1667957564092,"stderr":true,"stdout":"  File \"c:\\minsoo-s\\workspace\\KDT_Final_Project\\yolov5\\utils\\loggers\\comet\\__init__.py\", line 97, in __init__\n"},"type":"ws_msg"}
{"payload":{"local_timestamp":1667957564092,"stderr":true,"stdout":"COMET WARNING: Unknown error retrieving Conda package as an explicit file\n"},"type":"ws_msg"}
{"payload":{"local_timestamp":1667957564092,"stderr":true,"stdout":"COMET WARNING: Unknown error retrieving Conda information\n"},"type":"ws_msg"}
{"payload":{"local_timestamp":1667957564100,"stderr":true,"stdout":"    "},"type":"ws_msg"}
{"payload":{"local_timestamp":1667957564100,"stderr":true,"stdout":"self.data_dict = self.check_dataset(self.opt.data)"},"type":"ws_msg"}
{"payload":{"local_timestamp":1667957564100,"stderr":true,"stdout":"\n"},"type":"ws_msg"}
{"payload":{"local_timestamp":1667957564100,"stderr":true,"stdout":"  File \"c:\\minsoo-s\\workspace\\KDT_Final_Project\\yolov5\\utils\\loggers\\comet\\__init__.py\", line 234, in check_dataset\n"},"type":"ws_msg"}
{"payload":{"local_timestamp":1667957564108,"stderr":true,"stdout":"    "},"type":"ws_msg"}
{"payload":{"local_timestamp":1667957564108,"stderr":true,"stdout":"if data_config['path'].startswith(COMET_PREFIX):"},"type":"ws_msg"}
{"payload":{"local_timestamp":1667957564108,"stderr":true,"stdout":"\n"},"type":"ws_msg"}
{"payload":{"local_timestamp":1667957564108,"stderr":true,"stdout":"KeyError"},"type":"ws_msg"}
{"payload":{"local_timestamp":1667957564108,"stderr":true,"stdout":": "},"type":"ws_msg"}
{"payload":{"local_timestamp":1667957564108,"stderr":true,"stdout":"'path'"},"type":"ws_msg"}
{"payload":{"local_timestamp":1667957564108,"stderr":true,"stdout":"\n"},"type":"ws_msg"}
{"payload":{"local_timestamp":1667957564108,"stderr":true,"stdout":"COMET INFO: ----------------------------------\n"},"type":"ws_msg"}
{"payload":{"local_timestamp":1667957564108,"stderr":true,"stdout":"COMET INFO: Comet.ml OfflineExperiment Summary\n"},"type":"ws_msg"}
{"payload":{"local_timestamp":1667957564108,"stderr":true,"stdout":"COMET INFO: ----------------------------------\n"},"type":"ws_msg"}
{"payload":{"local_timestamp":1667957564108,"stderr":true,"stdout":"COMET INFO:   Data:\n"},"type":"ws_msg"}
{"payload":{"local_timestamp":1667957564108,"stderr":true,"stdout":"COMET INFO:     display_summary_level : 1\n"},"type":"ws_msg"}
{"payload":{"local_timestamp":1667957564108,"stderr":true,"stdout":"COMET INFO:     url                   : [OfflineExperiment will get URL after upload]\n"},"type":"ws_msg"}
{"payload":{"local_timestamp":1667957564108,"stderr":true,"stdout":"COMET INFO:   Others:\n"},"type":"ws_msg"}
{"payload":{"local_timestamp":1667957564108,"stderr":true,"stdout":"COMET INFO:     offline_experiment : True\n"},"type":"ws_msg"}
{"payload":{"local_timestamp":1667957564108,"stderr":true,"stdout":"COMET INFO:   Uploads:\n"},"type":"ws_msg"}
{"payload":{"local_timestamp":1667957564108,"stderr":true,"stdout":"COMET INFO:     environment details : 1\n"},"type":"ws_msg"}
{"payload":{"local_timestamp":1667957564108,"stderr":true,"stdout":"COMET INFO:     installed packages  : 1\n"},"type":"ws_msg"}
{"payload":{"local_timestamp":1667957564108,"stderr":true,"stdout":"COMET INFO: ----------------------------------\n"},"type":"ws_msg"}
{"payload":{"local_timestamp":1667957564108,"stderr":true,"stdout":"COMET WARNING: Experiment Name is generated at upload time for Offline Experiments unless set explicitly with Experiment.set_name\n"},"type":"ws_msg"}
{"payload":{"local_timestamp":1667957564108,"stderr":true,"stdout":"COMET WARNING: Comet has disabled auto-logging functionality as it has been imported after the following ML modules: torch, tensorboard. Metrics and hyperparameters can still be logged using comet_ml.log_metrics() and comet_ml.log_parameters()\n"},"type":"ws_msg"}
{"payload":{"local_timestamp":1667957564108,"log_other":{"key":"sys.already_imported_modules","val":"[\"torch\", \"tensorboard\"]"}},"type":"ws_msg"}
